collection,source_doc,difficulty,question,expected_answer,match_at_1,match_at_3,match_at_5,top_retrieved_source
atsb_cs200_co50,AO-2024-064 Final.pdf,easy,"What was the registration number of the Boeing 737-838 that diverted to Canberra due to storms in Sydney, resulting in a passenger loading error?",VH-XZK,True,True,True,AO-2024-064 Final.pdf
atsb_cs200_co50,AO-2024-064 Final.pdf,easy,How many passengers originally boarded the Boeing 737-838 in Perth before it diverted to Canberra due to storms at Sydney in 2024?,172 passengers,True,True,True,AO-2024-064 Final.pdf
atsb_cs200_co50,AO-2024-064 Final.pdf,medium,Why did the flight crew decide to divert to Canberra Airport instead of holding near Sydney?,"Sydney Airport was not accepting arrivals for about one hour due to storms in the vicinity, so rather than holding until the storms cleared, the flight crew diverted to Canberra with the intention of continuing to Sydney once it reopened.",True,True,True,AO-2024-064 Final.pdf
atsb_cs200_co50,AO-2024-064 Final.pdf,medium,What procedural changes did Qantas implement regarding communication of loadsheet errors to flight crew?,Qantas revised its procedures for communicating critical flight information to flight crew and will implement a new procedure that allows load control personnel to contact flight crew directly via the aircraft communications addressing and reporting system when a loadsheet error is identified.,True,True,True,AO-2024-064 Final.pdf
atsb_cs200_co50,AO-2024-064 Final.pdf,hard,"What sequence of system and human failures led to the flight crew receiving an incorrect loadsheet, and why did the error remain uncorrected despite being identified before departure?","A minor data input error (entering the Boeing 717 code instead of Boeing 737 code) resulted in an automatic reduction of 51 passengers in the system. This cascaded through the departure control system where airport personnel used the erroneous data to close the flight, and load control created the incorrect loadsheet. Although airport personnel later identified the issue, they were unable to rectify it and did not advise load control. Load control personnel had concerns about the data validity but issued the loadsheet without resolution. Even after load control identified the error before departure and raised it with airport movement control, communication procedures were not followed and airport personnel were unsuccessful in communicating the error to the flight crew prior to departure.",True,True,True,AO-2024-064 Final.pdf
atsb_cs200_co50,AO-2022-052 Final.pdf,easy,"What was the registration number of the Virgin Australia Boeing 737 that was incorrectly cleared for runway 34L near Armidale on October 19, 2022?",VH-YFT,False,False,False,AO-2022-051 Final.pdf
atsb_cs200_co50,AO-2022-052 Final.pdf,easy,What was the flight number of the Virgin Australia Boeing 737 that was incorrectly cleared for runway 34L instead of 16L near Armidale on 19 October 2022?,VA942,False,False,False,AO-2023-022 Final.pdf
atsb_cs200_co50,AO-2022-052 Final.pdf,medium,Why did confusion occur between the crew and ATC regarding the runway assignment?,"The enroute controller verbally issued a clearance for runway 34L, which the crew read back, but runway 16L was actually operational at the time. The error likely occurred due to momentary interference of related information about the assigned flight level (FL 340) and the runway (34L).",True,True,True,AO-2022-052 Final.pdf
atsb_cs200_co50,AO-2022-052 Final.pdf,medium,How did the approach controller respond when the crew questioned the runway assignment?,The approach controller confirmed that runways 16L and 16R were in operation and that 16L had been assigned. They also offered to give the crew extra track miles with vectors if needed to help them descend.,True,True,True,AO-2022-052 Final.pdf
atsb_cs200_co50,AO-2022-052 Final.pdf,hard,How was this air traffic control error prevented from developing into a more serious safety incident?,"Although the enroute controller verbally issued an incorrect runway (34L instead of 16L) which was not caught during read-back/hear-back, the correct information had been entered into the air traffic management system. This allowed the approach controller to identify and rectify the error with the crew well before landing, and the crew subsequently performed a safe independent visual approach to the correct runway 16L.",False,False,True,AO-2023-022 Final.pdf
atsb_cs200_co50,AO-2023-057 Final.pdf,easy,What was the date of the mid-air collision between two SIAI-Marchetti S-211s conducting formation filming over Port Phillip Bay that resulted in fatal injuries?,19-Nov-23,True,True,True,AO-2023-057 Final.pdf
atsb_cs200_co50,AO-2023-057 Final.pdf,easy,What were the callsigns used by VH-DQJ and VH-DZJ during the formation flight?,VH-DQJ was Viper 1 and VH-DZJ was Viper 2,True,True,True,AO-2023-057 Final.pdf
atsb_cs200_co50,AO-2023-057 Final.pdf,medium,What happened to Viper 2 after the collision and what was the outcome for the occupants?,"After the collision, Viper 2 continued to climb and began rolling right, rolled to an inverted attitude, assumed a near-vertical nose-down flight path and impacted the water at high speed. Both occupants were fatally injured.",True,True,True,AO-2023-057 Final.pdf
atsb_cs200_co50,AO-2023-057 Final.pdf,medium,What was the planned manoeuvre sequence that the crews briefed before the flight?,"Viper 1 would fly inverted, straight and level, while Viper 2, flying upright, would move to the right line abreast position for filming. Viper 2 would start in right echelon position, move rearward to allow Viper 1 room to roll inverted, then move forward and climb or descend to reach the line abreast position at the same altitude.",True,True,True,AO-2023-057 Final.pdf
atsb_cs200_co50,AO-2023-057 Final.pdf,hard,What were the multiple regulatory and operational deficiencies that contributed to reducing safety assurance for this flight?,The pilot of Viper 1 had a medical restriction requiring a side-by-side cockpit configuration and a qualified safety pilot which were not being followed; the operator did not hold the required operating certificate to undertake the filming flight; the aircraft were not permitted to be used for that purpose; and the specific manoeuvre where Viper 2 passed directly beneath Viper 1 had not been briefed before the flight.,False,True,True,AO-2023-004 Final.pdf
atsb_cs200_co50,AO-2023-043 Final.pdf,easy,What was the registration number of the Malaysia Airlines aircraft that overran Melbourne Airport's runway 34 during resurfacing works in September 2023?,9M-MTL,True,True,True,AO-2023-043 Final.pdf
atsb_cs200_co50,AO-2023-043 Final.pdf,easy,On what date did the Bamboo Airways Boeing 787-9 overrun runway 34?,18-Sep-23,True,True,True,AO-2023-043 Final.pdf
atsb_cs200_co50,AO-2023-043 Final.pdf,medium,Why did the flight crews of both aircraft use incorrect take-off performance calculations?,"The flight crews did not recognise that reduced runway length operations would be in effect and used the normal, full-length of runway 34 for their take-off performance calculations, resulting in reduced-thrust engine settings that extended the aircraft take-off runs beyond the temporary runway end.",False,False,False,AO-2022-064 Final.pdf
atsb_cs200_co50,AO-2023-043 Final.pdf,medium,What additional factors affected the Bamboo Airways flight crew's ability to review flight information properly?,"The Bamboo Airways flight crew experienced delays and additional workload due to repeated aircraft power outages, which influenced their normal flight information review procedures. Due to perceived time pressures, the crew did not conduct additional review of the NOTAMs after boarding the aircraft.",True,True,True,AO-2023-043 Final.pdf
atsb_cs200_co50,AO-2023-043 Final.pdf,hard,What were the systemic weaknesses across multiple layers of defense that allowed both runway excursions to occur despite different operators being involved?,Multiple defensive layers failed: dispatchers calculated correct performance but didn't highlight the reduced runway length to crews; operators didn't ensure dispatchers knew what information to emphasize; flight crews didn't properly review NOTAMs or detect runway length information in ATIS broadcasts; crews didn't confirm ATIS versions with ATC as required and controllers didn't challenge this; visual cues at the runway were inadequate as lights weren't designed to alert crews and no construction signage was provided; and both Part 139 Manual of Standards and ICAO Annex 14 didn't provide for conspicuous visual aids to alert pilots to significant runway changes.,True,True,True,AO-2023-043 Final.pdf
atsb_cs200_co50,AO-2024-006 Final_Report.pdf,easy,What was the registration number of the Qantas A380 that flew 34 cycles with a tool left in its outboard left engine after maintenance at Los Angeles International Airport in December 2023?,VH-OQI,True,True,True,AO-2024-006 Final_Report.pdf
atsb_cs200_co50,AO-2024-006 Final_Report.pdf,easy,How many flight cycles did the aircraft complete with the tool in the engine?,34 cycles totalling 293.74 hours,True,True,True,AO-2024-006 Final_Report.pdf
atsb_cs200_co50,AO-2024-006 Final_Report.pdf,medium,What actions did LAME 1 take when AME 2 asked if the tools should be returned to the tool store after AME 1 left for a medical appointment?,"LAME 1 advised AME 2 to leave the tools with the aircraft as the afternoon shift would complete the remainder of the task, and then reassigned AME 2 and the support engineer to other tasks.",True,True,True,AO-2024-006 Final_Report.pdf
atsb_cs200_co50,AO-2024-006 Final_Report.pdf,medium,What immediate actions did Qantas Engineering take following the discovery of the tool in the engine on 2 January 2024?,"Qantas Engineering raised an internal incident report with an immediate action to brief staff on the importance of ensuring that all tooling is returned and actioned by tool store personnel. An internal investigation was completed and on 4 March 2024, an internal safety directive was released requiring all employees to meet company tooling control requirements without exception.",True,True,True,AO-2024-006 Final_Report.pdf
atsb_cs200_co50,AO-2024-006 Final_Report.pdf,hard,"How did the combination of personnel changes, handover procedures, and tool tracking system usage contribute to the tool remaining in the engine for 34 flight cycles?","AME 1 signed out the tool but left early for a medical appointment without returning it, with the tool remaining assigned to them. LAME 1 instructed AME 2 to leave tools with the aircraft for the afternoon shift rather than return them. The support engineer who used the turning tool left for rostered days off. Although the tool store personnel identified the unreturned tool at 1500, the lost tool procedure was not commenced prior to aircraft release to service, and the certifying engineer did not follow up on the lost tool before releasing the aircraft. The tool was not located during end-of-task foreign object inspections, allowing the aircraft to fly 34 cycles before the tool was discovered during the next scheduled maintenance check.",True,True,True,AO-2024-006 Final_Report.pdf
atsb_cs200_co50,AO-2023-007 Final.pdf,easy,What was the registration number of the Qantas Boeing 737 that experienced an uncommanded left engine shutdown while flying from Auckland to Sydney on 18 January 2023?,VH-XZB,False,False,True,AO-2024-032-Final.pdf
atsb_cs200_co50,AO-2023-007 Final.pdf,easy,What was the date of the engine failure on Qantas flight VH-XZB traveling from Auckland to Sydney?,18-Jan-23,True,True,True,AO-2023-007 Final.pdf
atsb_cs200_co50,AO-2023-007 Final.pdf,medium,What mechanical failure caused the uncommanded engine shutdown?,"Separation of the radial driveshaft located in the inlet gearbox, which resulted in a mechanical discontinuity between the engine core and accessory gearbox, causing loss of fuel pump pressure.",True,True,True,AO-2023-007 Final.pdf
atsb_cs200_co50,AO-2023-007 Final.pdf,medium,"What flight level did the flight crew request to descend to after declaring MAYDAY, and why did they choose this altitude?","The flight crew requested an immediate descent to flight level 240 (24,000 ft) after declaring MAYDAY to prioritise communications with air traffic control and ensure they were cleared for descent.",False,False,False,AO-2024-035 Final.pdf
atsb_cs200_co50,AO-2023-007 Final.pdf,hard,How did the aircraft's EDTO operational authorization and the mechanical failure combine to create the circumstances that led to the MAYDAY declaration and specific flight crew decisions?,"The aircraft was authorized for EDTO operations up to 180 minutes from an alternate aerodrome, meaning it was operating far from suitable airports. When the radial driveshaft separated causing engine shutdown that could not be restarted in-flight, the flight crew's location in this extended range required them to declare MAYDAY to prioritize communications and ensure immediate descent clearance, as they would need to continue on a single engine for an extended period to reach either Auckland or Sydney.",True,True,True,AO-2023-007 Final.pdf
atsb_cs200_co50,AO-2024-057 Final_3.pdf,easy,"What was the registration number of the Boeing 737 that experienced an engine failure during takeoff from runway 34R at Sydney Airport on 8 November 2024, subsequently starting a grass fire?",VH-VYH,False,True,True,AO-2024-032-Final.pdf
atsb_cs200_co50,AO-2024-057 Final_3.pdf,easy,What runway did the aircraft take off from at Sydney Airport?,Runway 34R,False,False,False,AO-2023-010 Final.pdf
atsb_cs200_co50,AO-2024-057 Final_3.pdf,medium,What caused the right engine to fail according to the manufacturer's teardown analysis?,"A fatigue crack in one of the high-pressure turbine (HPT) blades, which was liberated from the HPT disc during take-off, damaging other components and resulting in a contained engine failure.",False,True,True,AO-2023-007 Final.pdf
atsb_cs200_co50,AO-2024-057 Final_3.pdf,medium,Why did the flight crew choose to land on runway 34L instead of returning to runway 34R?,"Because the aircraft was slightly over its maximum landing weight due to unspent fuel, the expected landing distance was higher for a single engine landing, and runway 34L was longer (3,962 m vs. 2,438 m). Additionally, runway 34R was closed due to engine fragments and a grass fire.",True,True,True,AO-2024-057 Final_3.pdf
atsb_cs200_co50,AO-2024-057 Final_3.pdf,hard,How does this incident demonstrate that existing safety measures were effective despite the engine having a known history of similar failures?,"The incident demonstrates effective safety measures through multiple layers: the flight crew's training and procedures enabled a decisive and appropriate response during a critical phase of flight; the engine manufacturer had previously implemented risk mitigation by lowering the recommended removal threshold (RRT) and introducing improved HPT blade configurations; the engine was scheduled for removal just 13 days after the incident; the failure was contained rather than catastrophic; and the manufacturer's analysis confirmed the blade configuration still met reliability targets and regulatory requirements, showing the system was managing known risks appropriately.",False,True,True,AO-2023-008 Final.pdf
atsb_cs200_co50,AO-2023-026-Final.pdf,easy,What was the registration number of the Boeing 717 aircraft that experienced a crew incapacitation incident during approach to Hobart Airport on 6 June 2023 after a chlorine odour was detected?,VH-NXM,True,True,True,AO-2023-026-Final.pdf
atsb_cs200_co50,AO-2023-026-Final.pdf,easy,On what date did the flight crew incapacitation incident occur?,6-Jun-23,True,True,True,AO-2023-026-Final.pdf
atsb_cs200_co50,AO-2023-026-Final.pdf,medium,What symptoms did the cabin crew experience after noticing the chlorine odour during climb out from Sydney?,"The cabin crew reported dizziness, mild discomfort described as pressure increasing in their head, and a metallic taste.",True,True,True,AO-2023-026-Final.pdf
atsb_cs200_co50,AO-2023-026-Final.pdf,medium,What deficiency did the ATSB identify in National Jet Systems' cabin air quality events procedure?,"The procedure captured the recording/reporting of odours, post-flight care of crew and maintenance actions, but did not consider the possible application of the smoke/fumes procedure or incapacitation procedure, creating an increased risk of flight crew being adversely affected during critical stages of flight.",True,True,True,AO-2023-026-Final.pdf
atsb_cs200_co50,AO-2023-026-Final.pdf,hard,"How did the sequence of events involving the chlorine odour, crew symptoms, and crew response demonstrate gaps in both procedures and training that could have prevented the incapacitation from affecting the approach phase?","The cabin crew initially noticed the chlorine odour during climb out and reported symptoms, but the cabin air quality events procedure did not prompt consideration of using the smoke/fumes procedure or supplemental oxygen. Later, when the captain experienced hypoxia-like symptoms on approach, the lack of training on subtle cognitive incapacitation meant the first officer continued flying despite developing slowed reactions and cognitive difficulties. If the initial procedure had prompted oxygen use or if training had better addressed subtle incapacitation recognition, the crew could have mitigated the effects before reaching the critical approach phase.",True,True,True,AO-2023-026-Final.pdf
atsb_cs200_co50,AO-2022-029 Final.pdf,easy,What was the registration number of the Virgin Australia Boeing 737-800 that experienced a flight control issue departing Gold Coast Airport on 27 April 2022?,VH-YFZ,False,True,True,AO-2022-051 Final.pdf
atsb_cs200_co50,AO-2022-029 Final.pdf,easy,On what date did this flight control systems occurrence take place?,27-Apr-22,False,True,True,AO-2022-052 Final.pdf
atsb_cs200_co50,AO-2022-029 Final.pdf,medium,What was the pilot's immediate response when noticing the aircraft's tendency to roll to the right after take-off?,"The pilot added 1.5° of left rudder trim to keep the wings level, and when flaps were retracted during climb, the rudder was trimmed back to 0°.",True,True,True,AO-2022-029 Final.pdf
atsb_cs200_co50,AO-2022-029 Final.pdf,medium,"What component failure did the ATSB identify as the root cause, and what was the nature of the failure?","A pre-existing fatigue crack progressed through the aft flap's inboard programming roller cartridge, which held a roller that guided the aft flap during extension and retraction, resulting in component failure.",False,False,True,AO-2023-043 Final.pdf
atsb_cs200_co50,AO-2022-029 Final.pdf,hard,"Why was the fatigue crack in the roller cartridge not detected before failure, and what action did the ATSB take in response?","The area where fatigue cracks developed was not included in Boeing's detailed inspection of the flap actuation system. Although a general visual inspection was specified and last occurred in October 2020, it could not be determined if the crack was present then. With at least 6 of 10 similar failures between 2017-2022 having been inspected several times prior to failure, the ATSB issued a safety recommendation to Boeing to increase detection of fatigue cracks in roller cartridges prior to failure.",True,True,True,AO-2022-029 Final.pdf
atsb_cs200_co50,AO-2023-038 Final.pdf,easy,"What was the registration number of the ERJ-190 that flew below the minimum safe altitude of 3,300 ft while conducting an orbit at 1,800 ft during the Napier RNP 16 instrument approach on 24 May 2023?",VH-IKJ,True,True,True,AO-2023-038 Final.pdf
atsb_cs200_co50,AO-2023-038 Final.pdf,easy,What was the minimum safe altitude where the crew conducted the orbit?,"3,300 ft",False,False,False,AO-2024-035 Final.pdf
atsb_cs200_co50,AO-2023-038 Final.pdf,medium,Why did the crew conduct a holding pattern at waypoint GENDA during descent?,"Due to reduced track miles and extra fuel uplifted in Auckland, the aircraft would be approaching its maximum landing weight on arrival at Napier. To reduce the aircraft weight, they conducted a holding pattern and started the auxiliary power unit (APU) to increase the fuel burn.",False,True,True,AO-2024-035 Final.pdf
atsb_cs200_co50,AO-2023-038 Final.pdf,medium,What additional tasks interrupted the crew near waypoint ELBOW that contributed to the high workload during the approach?,"The aircraft flew through a thin layer of stratus cloud resulting in an ice detection system advisory alert. This required the crew to conduct the Stall Protection Ice Speed checklist, and to recomplete the Approach checklist.",False,False,False,AO-2024-030 Final.pdf
atsb_cs200_co50,AO-2023-038 Final.pdf,hard,How did the series of delays and operational pressures starting in Auckland contribute to the crew's decision to orbit below the minimum safe altitude rather than conducting a missed approach?,"The crew experienced multiple delays in Auckland (customs processing, passenger cargo retrieval, flight plan issues), departed 2 hours 47 minutes late, were pressured to depart before airport closure, then had to manage maximum landing weight issues requiring a holding pattern, followed by an ice detection alert requiring additional checklists. These cumulative time pressures and high workload led the crew to believe they could comply with visual approach criteria and conduct an orbit at 1,800 ft instead of a safer missed approach, despite being 1,500 ft below the 3,300 ft minimum safe altitude.",False,True,True,AO-2023-022 Final.pdf
atsb_cs200_co50,AO-2023-042 Final.pdf,easy,What was the registration number of the Boeing 737 that experienced an in-flight upset 143 km west of Ballina/Byron Gateway Airport when the pilot monitoring inadvertently activated the rudder trim instead of the door unlock switch?,VH-YQR,True,True,True,AO-2023-042 Final.pdf
atsb_cs200_co50,AO-2023-042 Final.pdf,easy,What was the maximum bank angle reached during the upset?,About 42° left angle of bank,True,True,True,AO-2023-042 Final.pdf
atsb_cs200_co50,AO-2023-042 Final.pdf,medium,Why did the autopilot initially fail to prevent the aircraft from banking left despite applying corrective aileron input?,"The autopilot reached the limit of its authority after 5 seconds of left rudder trim application, causing the aircraft to begin banking left with a rapidly increasing rate of bank.",True,True,True,AO-2023-042 Final.pdf
atsb_cs200_co50,AO-2023-042 Final.pdf,medium,What procedural changes did Virgin Australia implement following this incident?,"Virgin Australia limited the time that the door unlock switch was to be held in the unlock position, provided a briefing on the event to flight crews, and made changes to the non-technical skills program addressing this type of occurrence.",False,True,True,AO-2022-051 Final.pdf
atsb_cs200_co50,AO-2023-042 Final.pdf,hard,How did the sequence of the pilot monitoring's actions and attention shifts contribute to the inadvertent rudder trim application and why was the problem not immediately corrected?,"The PM visually identified the flight deck door switch but then diverted their attention to the door itself before grasping the switch, causing them to inadvertently grasp and activate the rudder trim control instead. The problem persisted because when both pilots felt the initial roll/yaw, they scanned instruments but found nothing abnormal, so the PM continued holding what they believed was the door switch while looking at the door. The autopilot initially masked the problem by applying corrective aileron, and even after the upset occurred, the flight crew couldn't promptly identify the left yaw as the primary cause, delaying the restoration of balanced flight.",True,True,True,AO-2023-042 Final.pdf
atsb_cs200_co50,AO-2022-061_FINAL.pdf,easy,"What was the registration number of the Cessna Citation Mustang that descended to 800 feet below the lowest safe altitude while approaching Bankstown Airport 15 km west of the airport after last light on November 16, 2022?",VH-IEQ,False,True,True,AO-2023-022 Final.pdf
atsb_cs200_co50,AO-2022-061_FINAL.pdf,easy,What time did last light occur at Bankstown on 16 November 2022?,About 2004 (approximately 8:04 PM local time),True,True,True,AO-2022-061_FINAL.pdf
atsb_cs200_co50,AO-2022-061_FINAL.pdf,medium,What altitude did the aircraft descend to and how far below the lowest safe altitude was this?,"The aircraft descended to a height of 1,000 ft, which was about 800 ft below the lowest safe altitude for the area",False,True,True,AO-2023-041 Final.pdf
atsb_cs200_co50,AO-2022-061_FINAL.pdf,medium,What happened immediately after the pilot received clearance from ATC to join final for runway 11 centre?,"Immediately after responding to ATC, the aircraft began a left turn onto a track of approximately 060° (true), and near the completion of the left turn at 2015:22, the aircraft began to descend from 2,000 ft",True,True,True,AO-2022-061_FINAL.pdf
atsb_cs200_co50,AO-2022-061_FINAL.pdf,hard,"What was the primary cause of the pilot descending below the lowest safe altitude, and how did the timing of the flight contribute to this error?","The pilot had submitted a flight plan for an arrival after last light (which occurred at 2004), requiring night operation rules, but the pilot followed day operation rules instead because there was still ambient light available. This led to the pilot descending below the lowest safe altitude applicable for night operations. The flight's timing near the transition from day to night (arriving at 2020, about 16 minutes after last light) contributed to this confusion between which rules applied.",False,True,True,AO-2023-041 Final.pdf
atsb_cs200_co50,AO-2024-032-Final.pdf,easy,"What was the registration number of the Boeing 737 that experienced severe turbulence 36 km south-east of Brisbane Airport in May 2024, resulting in a cabin crew member suffering a fractured ankle?",VH-VYK,True,True,True,AO-2024-032-Final.pdf
atsb_cs200_co50,AO-2024-032-Final.pdf,easy,What time did the aircraft depart from Sydney?,1202 local time,False,False,False,AO-2024-036 FINAL.pdf
atsb_cs200_co50,AO-2024-032-Final.pdf,medium,What injuries did the three cabin crew members sustain during the turbulence event?,"Two crew members received minor injuries, including a facial injury and concussion, while the third was seriously injured with a fractured ankle.",True,True,True,AO-2024-032-Final.pdf
atsb_cs200_co50,AO-2024-032-Final.pdf,medium,"Why did the cabin crew remain unrestrained during the severe turbulence, and what was the altitude when the turbulence occurred?","The cabin crew remained unrestrained because the captain did not inform them about the expected turbulence during descent, likely due to not being aware of its severity. The turbulence occurred after passing 11,400 ft about 36 km south-east of Brisbane.",True,True,True,AO-2024-032-Final.pdf
atsb_cs200_co50,AO-2024-032-Final.pdf,hard,"What systemic communication and procedural failures contributed to the risk during this occurrence, and what changes did Qantas implement in response?","The occurrence involved multiple failures: the captain did not inform cabin crew about expected turbulence, the flight crew proceeded with landing unaware that 4 people remained unrestrained in the rear galley assisting the injured crew member, and a concussed crew member returned to work without medical assessment. In response, Qantas updated procedures to mandate immediate doctor assessment of fitness for cabin crew prior to further duties and require immediate medical assessment following moderate or severe turbulence with injuries or unrestrained crew.",False,False,True,AO-2024-064 Final.pdf
atsb_cs200_co50,AO-2024-035 Final.pdf,easy,What was the registration number of the Boeing 737 involved in the inaugural Batik Air flight from Denpasar to Canberra that descended below minimum altitude at MOMBI on 14 June 2024?,PK-LDK,True,True,True,AO-2024-035 Final.pdf
atsb_cs200_co50,AO-2024-035 Final.pdf,easy,What date did the incident occur?,14-Jun-24,False,False,False,AO-2023-043 Final.pdf
atsb_cs200_co50,AO-2024-035 Final.pdf,medium,What was the minimum safe altitude for the MOMBI holding pattern and to what altitude did the aircraft actually descend?,"The minimum safe altitude for the MOMBI holding pattern was 5,600 ft AMSL, but the aircraft descended to 4,700 ft AMSL.",True,True,True,AO-2024-035 Final.pdf
atsb_cs200_co50,AO-2024-035 Final.pdf,medium,"Why did Airservices Australia increase the MOMBI holding pattern minimum altitude from 5,100 ft to 5,600 ft, and what was the consequence of this change?","An obstacle evaluation error during a 2022 review led to the increase from 5,100 ft to 5,600 ft. This increase resulted in a transition from the holding pattern to the approach glideslope that increased the risk of unstable approaches and sudden pitch ups.",True,True,True,AO-2024-035 Final.pdf
atsb_cs200_co50,AO-2024-035 Final.pdf,hard,"How did the combination of inadequate crew training, air traffic control communication issues, and procedural deficiencies contribute to the aircraft descending below minimum safe altitude?","The crew had not completed required CTAF training before the flight and deviated from their cleared track by commencing the AVBEG 5A STAR. The controller's altitude instructions to maintain separation from a restricted area made the aircraft higher than desired, leading the crew to use the MOMBI holding pattern to lose altitude. The crew did not select CTAF frequency, preventing them from receiving safety alerts. The controller providing flight information service was not required to know holding pattern minimum altitudes and did not issue a safety alert. Additionally, Batik Air's change management processes failed to identify and mitigate risks for the new route. These factors combined resulted in the aircraft descending to 4,700 ft AMSL, 900 ft below the minimum safe altitude.",False,False,True,AO-2023-041 Final.pdf
atsb_cs200_co50,AO-2023-022 Final.pdf,easy,What were the aircraft registrations of the two Boeing 737s involved in the separation occurrence?,VH-VZM and VH-VZW,True,True,True,AO-2023-022 Final.pdf
atsb_cs200_co50,AO-2023-022 Final.pdf,easy,What was the wind speed and direction during the separation occurrence between VH-VZM and VH-VZW at Sydney Airport on 29 April 2023?,The wind was 202°–228° at 11–14 kt,True,True,True,AO-2023-022 Final.pdf
atsb_cs200_co50,AO-2023-022 Final.pdf,medium,Why did the crew of VH-VZM take approximately 4 seconds longer than normal to commence the take-off after receiving clearance?,"The delay was due to a permissible unserviceability affecting the performance of one of the engines, which caused the engines to take longer to stabilise after the thrust levers were pushed forward.",True,True,True,AO-2023-022 Final.pdf
atsb_cs200_co50,AO-2023-022 Final.pdf,medium,What were the horizontal and vertical separation distances between the two aircraft during the missed approach?,The separation reduced to 0.8 NM (1.5 km) horizontally and 330 ft vertically,True,True,True,AO-2023-022 Final.pdf
atsb_cs200_co50,AO-2023-022 Final.pdf,hard,What sequence of events and contributing factors led to the reduced separation between the two aircraft?,"The Cessna Citation Mustang took 23 seconds longer than expected to vacate the runway (73 seconds total), the ADCE then cleared VH-VZM for take-off when VH-VZW was 2.4 NM away, VH-VZM's take-off was delayed by 4 seconds due to an engine unserviceability, the go-around instruction was delayed by 12 seconds due to an inadvertent interjection by the tower shift manager, and the crew of VH-VZW misinterpreted a subsequent instruction which caused them not to turn left at 600 ft as required by the published missed approach procedure.",False,True,True,AO-2022-047 Final report.pdf
atsb_cs200_co50,AO-2024-030 Final.pdf,easy,What was the registration number of the Alliance Airlines Embraer 190 that experienced an unstable approach after the ILS flight mode unexpectedly disengaged on approach to runway 19 left at Brisbane Airport on 9 May 2024?,VH-UZI,False,False,True,AO-2024-036 FINAL.pdf
atsb_cs200_co50,AO-2024-030 Final.pdf,easy,What was the date of the unstable approach incident involving Alliance Airlines Embraer ERJ-190 VH-UZI when the ILS approach mode unexpectedly disengaged during a night approach to runway 19 left?,9-May-24,False,True,True,AO-2024-036 FINAL.pdf
atsb_cs200_co50,AO-2024-030 Final.pdf,medium,What type of error did the first officer commit when they pushed the FPA button instead of the FPR button?,"A 'slip' type error where an individual's understanding of the situation is correct, but the wrong action is performed.",True,True,True,AO-2024-030 Final.pdf
atsb_cs200_co50,AO-2024-030 Final.pdf,medium,What changes occurred to the flight director modes when the first officer inadvertently pressed the FPA button?,The lateral and vertical navigation guidance for the flight director changed from localiser (LOC) and glideslope (GS) to aircraft roll angle (ROLL) and flight path angle (FPA).,True,True,True,AO-2024-030 Final.pdf
atsb_cs200_co50,AO-2024-030 Final.pdf,hard,"How did the sequence of events lead to the EGPWS glideslope warning, and why did the crew fail to respond appropriately despite multiple opportunities to perform a go-around?","The first officer inadvertently selected FPA mode while attempting to adjust the FPR line, which disengaged the ILS approach mode. The flight crew then focused on troubleshooting and recapturing the ILS mode rather than monitoring the flight path or conducting a go-around when the aircraft became unstable below 500 ft AAL. This led to exceeding the 1.0 dot glideslope deviation limit undetected. The aircraft descended further below the glideslope, triggering the EGPWS warning, but the crew still did not perform the required terrain avoidance manoeuvre and instead continued the approach. The crew's failure stemmed from divided attention on mode recapture rather than flight path monitoring and go-around decision-making.",True,True,True,AO-2024-030 Final.pdf
atsb_cs200_co50,AO-2023-041 Final.pdf,easy,What was the aircraft registration number of the Fokker 100 that descended below the segment minimum safe altitude near Adelaide Airport on 30 August 2023?,VH-FGB,True,True,True,AO-2023-041 Final.pdf
atsb_cs200_co50,AO-2023-041 Final.pdf,easy,What was the cruising altitude of the aircraft during the flight from Brisbane to Adelaide?,"FL 340 (34,000 ft)",True,True,True,AO-2023-041 Final.pdf
atsb_cs200_co50,AO-2023-041 Final.pdf,medium,What were the altitude restrictions at waypoints PLEZN and KERRS on the BLACK 3A standard instrument arrival?,"At waypoint PLEZN, the aircraft was required to be at or below 9,000 ft. At waypoint KERRS, the aircraft was required to be at or above 5,000 ft.",True,True,True,AO-2023-041 Final.pdf
atsb_cs200_co50,AO-2023-041 Final.pdf,medium,How did the first officer respond when they observed the aircraft continuing to descend despite the captain's command to hold altitude?,The first officer disconnected the autopilot and initiated a climb.,False,True,True,AO-2022-051 Final.pdf
atsb_cs200_co50,AO-2023-041 Final.pdf,hard,What was the primary cause of the altitude deviation and how far below the segment minimum safe altitude did the aircraft descend?,"For an undetermined reason, the FMS did not capture the selected altitude of 3,800 ft. This resulted in the aircraft descending about 480 ft below the segment minimum safe altitude of 3,800 ft.",True,True,True,AO-2023-041 Final.pdf
atsb_cs200_co50,AO-2024-007 - FINAL REPORT.pdf,easy,What was the aircraft registration number for the Alliance Airlines E190 that experienced a low-speed event after departing Honiara for Brisbane on 23 February 2024?,VH-UYI,True,True,True,AO-2024-007 - FINAL REPORT.pdf
atsb_cs200_co50,AO-2024-007 - FINAL REPORT.pdf,easy,How many passengers were on board the Alliance Airlines E190 flight that experienced a low-speed event after departing Honiara for Brisbane in February 2024?,66 passengers,False,True,True,AO-2024-030 Final.pdf
atsb_cs200_co50,AO-2024-007 - FINAL REPORT.pdf,medium,"What action did the pilot monitoring take when they detected the aircraft was not accelerating, and what was the consequence?","The pilot monitoring retracted one stage of flap, assessing there was too much drag. This resulted in a visual low airspeed cockpit alert because the aircraft was below the minimum flap target speed.",True,True,True,AO-2024-007 - FINAL REPORT.pdf
atsb_cs200_co50,AO-2024-007 - FINAL REPORT.pdf,medium,What procedural deficiency did the ATSB identify in Alliance Airlines' standard operating procedures manual regarding speed mode selection?,"Alliance Airlines' SOPM included a step of initially selecting the speed knob to 'manual' in its pre-flight procedures, despite that mode very rarely being used for take-off. This increased the risk of flight crews departing with manual speed mode unintentionally selected.",True,True,True,AO-2024-007 - FINAL REPORT.pdf
atsb_cs200_co50,AO-2024-007 - FINAL REPORT.pdf,hard,"How did the combination of procedural deficiencies, training gaps, and crew monitoring failures contribute to this low-speed event, and what evidence from flight data suggests this was a systemic issue?","The incident resulted from multiple contributing factors: Alliance's SOPM requiring manual speed selection despite rarely being used, undocumented shutdown flows, training deficiencies in conducting Before start procedures, and ineffective monitoring by both pilots. Flight data revealed this was systemic, showing 112 flights over 30 months where crews failed to detect manual mode selection, with 76 cases involving crew changing the speed selector during the take-off run, indicating widespread procedural non-compliance.",False,True,True,AO-2023-004 Final.pdf
atsb_cs200_co50,AO-2022-033-Final_0.pdf,easy,What was the registration number of the Boeing 737 that experienced a 340 ft altitude discrepancy between crew instruments 167 km west of Meekatharra due to melted pitot-static probe covers?,ZK-TLJ,True,True,True,AO-2022-033-Final_0.pdf
atsb_cs200_co50,AO-2022-033-Final_0.pdf,easy,What was the altitude discrepancy between the captain's and first officer's altimeters?,340 ft,True,True,True,AO-2022-033-Final_0.pdf
atsb_cs200_co50,AO-2022-033-Final_0.pdf,medium,Why did the pitot-static probe covers melt onto the probes during the engine ground run?,"The covers were not removed and the automatic pitot heat was not isolated as required by the ground run procedures checklist, causing the polyvinyl chloride covers to melt onto the probes.",True,True,True,AO-2022-033-Final_0.pdf
atsb_cs200_co50,AO-2022-033-Final_0.pdf,medium,How did the flight crew determine which set of instruments was reliable after noting the discrepancies?,"The flight crew descended to FL 300 and completed the Quick Reference Handbook Airspeed Unreliable procedure, which involved setting aircraft pitch attitude and Mach indications against aircraft weight and adjusting engine N1 speed to achieve level flight, then comparing displayed values against the known configuration to determine that the first officer's instruments were reliable.",False,True,True,AO-2023-041 Final.pdf
atsb_cs200_co50,AO-2022-033-Final_0.pdf,hard,What were the multiple failures in operational procedures and communication that contributed to the safety risk in this incident?,"The incident involved multiple failures: maintenance procedures were not followed during the engine ground run (covers not removed, pitot heat not isolated), inappropriate polyvinyl chloride covers were used instead of heat-resistant materials, the flight crew did not advise ATC of the 340 ft altitude discrepancy which exceeded the 200 ft maximum allowed for RVSM airspace, and the cleaning after the initial melting was inadequate leaving residue that compromised instrument accuracy.",False,False,False,AO-2023-008 Final.pdf
atsb_cs200_co50,AO-2023-008 Final.pdf,easy,What was the registration number of the Boeing 737 fireliner that crashed during a retardant drop at Fitzgerald River National Park in February 2023?,N619SW,True,True,True,AO-2023-008 Final.pdf
atsb_cs200_co50,AO-2023-008 Final.pdf,easy,What was the elevation of the ridgeline that the aircraft impacted?,About 222 ft,True,True,True,AO-2023-008 Final.pdf
atsb_cs200_co50,AO-2023-008 Final.pdf,medium,Why did the ATSB find that the co-pilot did not make announcements about the low energy state prior to the collision?,"Because the operator and tasking agency had not published a minimum drop height, which resulted in the co-pilot not believing there was a minimum drop height.",True,True,True,AO-2023-008 Final.pdf
atsb_cs200_co50,AO-2023-008 Final.pdf,medium,What new documentation did the WA Department of Fire and Emergency Services release in November 2023 in response to this accident?,"The Western Australian Aerial Fire Suppression Procedures 2023-2024, which included a chapter for Large Air Tanker Operating Procedures with standard drop heights for all aircraft types, procedures for task rejection, standdown and reinstatement after safety incidents, and tactical flight profiles.",True,True,True,AO-2023-008 Final.pdf
atsb_cs200_co50,AO-2023-008 Final.pdf,hard,"How did the combination of operational procedures, crew resource management practices, and regulatory standards contribute to the aircraft entering an unrecoverable low energy state?","The accident resulted from multiple factors: the operator's practice of recalculating and lowering target drop speeds after partial loads, conducting drops at low height and airspeed downhill requiring idle thrust, delays in engine response during go-around, lack of published minimum drop heights from the operator and tasking agency, reactive rather than proactive pilot monitoring duties without call-outs at minimum target parameters, and inconsistencies between Australian agencies' standards due to independent development by each state in the LAT program.",True,True,True,AO-2023-008 Final.pdf
atsb_cs200_co50,AO-2024-036 FINAL.pdf,easy,What was the registration number of the BAe 146-300 that suffered a tail strike during a foggy approach to runway 19L at Brisbane Airport on 25 June 2024?,VH-SAJ,True,True,True,AO-2024-036 FINAL.pdf
atsb_cs200_co50,AO-2024-036 FINAL.pdf,easy,What date did the ground strike incident occur?,25-Jun-24,True,True,True,AO-2024-036 FINAL.pdf
atsb_cs200_co50,AO-2024-036 FINAL.pdf,medium,What factors contributed to the first officer's loss of situation awareness during the landing?,"The first officer likely became disoriented after disconnecting the autopilot and did not identify the increasing aircraft pitch attitude, decreasing airspeed, or low power setting, and did not correct the resulting sink rate prior to touchdown.",False,True,True,AO-2023-026-Final.pdf
atsb_cs200_co50,AO-2024-036 FINAL.pdf,medium,What changes did ASL Airlines Australia make to their supervised line flying requirements for captains and first officers without jet experience?,"The Planned Supervised Line Flying sectors for Captains with No Jet Experience were increased from 30 to 36 sectors, and Supervised Line Flying sectors for First Officers without previous jet experience were increased from 30 to 36 sectors.",True,True,True,AO-2024-036 FINAL.pdf
atsb_cs200_co50,AO-2024-036 FINAL.pdf,hard,"How did the combination of crew experience levels, environmental conditions, and crew resource management failures contribute to the tail strike incident?","The incident resulted from multiple interconnected factors: both pilots were appointed below minimum experience requirements without additional controls; the captain had limited multi-crew experience from predominantly single-pilot operations which reduced their ability to include the first officer in decision-making; the captain became preoccupied with fuel levels limiting their monitoring capacity; poor visibility conditions (about 1,000 m in fog) increased workload; and the captain's actions increased pressure on the first officer to commit to landing, ultimately leading to the first officer becoming disoriented after autopilot disconnection and the subsequent tail strike.",True,True,True,AO-2024-036 FINAL.pdf
atsb_cs200_co50,AO-2022-047 Final report.pdf,easy,What was the registration number of the Airbus A330 involved in the loss of separation incident with a Boeing 787 near Sydney Airport on 28 September 2022?,VH-EBK,True,True,True,AO-2022-047 Final report.pdf
atsb_cs200_co50,AO-2022-047 Final report.pdf,easy,What date did the loss of separation incident occur?,28-Sep-22,True,True,True,AO-2022-047 Final report.pdf
atsb_cs200_co50,AO-2022-047 Final report.pdf,medium,What caused the A330 to turn inside the leading 787 aircraft?,"The actual climb performance of the A330 was greater than the climb performance of the 787, which was not expected or identified by the controller due to their focus on other aircraft. This resulted in the A330, while complying with the SID, turning inside the leading 787.",True,True,True,AO-2022-047 Final report.pdf
atsb_cs200_co50,AO-2022-047 Final report.pdf,medium,Why did the DEENA SEVEN SID design fail to provide adequate separation assurance?,"The design of the DEENA SEVEN SID did not provide a positive method of providing separation assurance to aircraft with different performance characteristics. As the aircraft had to satisfy 2 separate conditions prior to turning, there was no way of ensuring aircraft would turn at the same distance from the airport, meaning separation could not be assured.",True,True,True,AO-2022-047 Final report.pdf
atsb_cs200_co50,AO-2022-047 Final report.pdf,hard,"How did the combination of the DEENA 7 SID design limitations, controller workload, and aircraft performance differences contribute to the loss of separation, and what systemic changes were recommended?","The loss of separation resulted from multiple factors: the DEENA 7 SID's conditional requirements (2 separate conditions before turning) could not ensure aircraft with different performance characteristics would turn at the same distance; the controller's focus on other aircraft prevented them from anticipating that the A330 would climb faster than the 787; and the following A330's superior climb performance allowed it to turn inside the leading 787 while still complying with the SID. Systemically, Airservices Australia redesigned the DEENA SEVEN SID to remove the conditional requirements, with implementation planned as part of the Western Sydney International Airport project.",True,True,True,AO-2022-047 Final report.pdf
atsb_cs200_co50,AO-2023-040 FINAL_0.pdf,easy,What was the registration number of the Embraer E190 on Alliance Airlines flight QF1960 that descended at an excessive rate approaching Alice Springs on 24 August 2023?,VH-UYN,True,True,True,AO-2023-040 FINAL_0.pdf
atsb_cs200_co50,AO-2023-040 FINAL_0.pdf,easy,How many passengers were on board the Alliance Airlines Embraer E190 flight QF1960 that experienced a high rate of descent near Alice Springs on 24 August 2023?,63 passengers,True,True,True,AO-2023-040 FINAL_0.pdf
atsb_cs200_co50,AO-2023-040 FINAL_0.pdf,medium,Why did the trainee air traffic controller initially decline to offer a straight-in approach to runway 12?,"Due to a preceding Pilatus PC-12 aircraft inbound from the north and a helicopter arriving from the south, the trainee ADC was not comfortable offering a straight-in approach due to an anticipated increase in their workload.",True,True,True,AO-2023-040 FINAL_0.pdf
atsb_cs200_co50,AO-2023-040 FINAL_0.pdf,medium,"What caused the aircraft to descend below 1,800 ft AGL with a rate of descent above 3,000 ft/min?","The crew unnecessarily re-configured the aircraft to increase drag and expedite descent. The autopilot flight mode active at the time caused the aircraft to pitch down to maintain airspeed at the higher drag. The pilot flying then made an inadvertent mode selection that disarmed the altitude select mode, causing the flight director to resume a high rate of descent close to terrain.",True,True,True,AO-2023-040 FINAL_0.pdf
atsb_cs200_co50,AO-2023-040 FINAL_0.pdf,hard,"How did the sequence of events involving ATC changes, crew reconfiguration decisions, autopilot mode selections, and crew monitoring failures combine to create the unsafe descent situation?","ATC offered a late change from an overfly circuit to a straight-in approach at short notice. The crew accepted and reconfigured the aircraft with high drag to expedite descent, causing the autopilot to pitch down to maintain airspeed. The pilot flying inadvertently made a mode selection that disarmed altitude capture, which went undetected. The captain as pilot monitoring did not promptly identify these changes, partly due to focusing on visual terrain assessment. The combination of increased workload from the late approach change, inadvertent mode selection, and inadequate monitoring of autoflight modes led to the aircraft descending at a high rate close to terrain.",False,False,True,AO-2024-036 FINAL.pdf
atsb_cs200_co50,AO-2023-023 Final.pdf,easy,"What type of aircraft was involved in the May 2023 runway incursion at Sunshine Coast Airport where a Flight Training Adelaide student pilot incorrectly crossed the holding point at taxiway Foxtrot, causing a Boeing 737 to go around?","Diamond Aircraft Industries Inc. DA 40, registered VH-ERE",True,True,True,AO-2023-023 Final.pdf
atsb_cs200_co50,AO-2023-023 Final.pdf,easy,What date did the runway incursion occur?,7-May-23,True,True,True,AO-2023-023 Final.pdf
atsb_cs200_co50,AO-2023-023 Final.pdf,medium,What were the safety actions taken by the operator regarding student training and quizzes?,"The operator conducted QFI and student meetings about signs, markings, lights and phraseology at controlled aerodromes, made class G and class C & D airspace quiz results appear in monthly reports, reviewed and updated existing tutorials for class D and C airports, created an exam and quiz specifically for Sunshine Coast Airport, and made quizzes for Sunshine Coast, Archerfield, and Gold Coast airports mandatory for all students before visiting these airports.",False,False,False,AO-2022-064 Final.pdf
atsb_cs200_co50,AO-2023-023 Final.pdf,medium,Why did the ATSB find it difficult for the pilot to see the Boeing 737 on final approach?,"Due to the angle of the taxiway in relation to the runway, it would have been difficult for the pilot to have seen the 737 aircraft on final. Additionally, the crew of the 737 likely would not have seen the aircraft cross the holding point as it was obscured.",False,True,True,AO-2022-051 Final.pdf
atsb_cs200_co50,AO-2023-023 Final.pdf,hard,"What were the multiple contributing factors that led to the pilot crossing the holding point without clearance, and what safety improvements were implemented by different organizations to address these systemic issues?","The pilot incorrectly believed they were at an intermediate holding position due to the distance from the holding point to the threshold, misunderstood ATC's instruction to hold short at runway 31, and expected a second holding point closer to the runway. Contributing factors included the taxiway angle limiting visibility of the 737, inaccurate CASA manoeuvring maps that didn't correctly depict the holding point or runway, and lack of holding point location information in Airservices Australia charts. In response, Flight Training Adelaide implemented mandatory airport-specific quizzes and enhanced training on controlled aerodrome procedures, Sunshine Coast Airport installed mandatory instruction markings and updated airport information, and CASA upgraded the manoeuvring map, clarified terminology on runway extensions, and supported adding a runway hotspot depiction at taxiway Foxtrot.",False,False,False,AO-2023-057 Final.pdf
atsb_cs200_co50,AO-2022-032 Final.pdf,easy,What was the aircraft registration number involved in the May 2022 Brisbane Airport incident where pitot probe covers were left fitted prior to pushback?,9V-SHH,True,True,True,AO-2022-032 Final.pdf
atsb_cs200_co50,AO-2022-032 Final.pdf,easy,On what date did this flight preparation event occur?,27-May-22,False,True,True,AO-2022-061_FINAL.pdf
atsb_cs200_co50,AO-2022-032 Final.pdf,medium,What procedural risk controls did the ATSB find were circumvented during this occurrence?,"The licenced aircraft maintenance engineer certified for the removal of the pitot probe covers in the technical log and removed a warning placard from the flight deck without visual or verbal confirmation that the covers had been removed, and a final walk-around of the aircraft by maintenance personnel was not conducted.",False,False,True,AO-2024-006 Final_Report.pdf
atsb_cs200_co50,AO-2022-032 Final.pdf,medium,What safety improvements did Singapore Airlines implement as a result of this occurrence?,"Singapore Airlines communicated with flight crew about the requirements of their pre-flight walk-around checks and why they are important, and provided Heston MRO at Brisbane with pitot probe covers that have longer streamers to ensure better conspicuity.",True,True,True,AO-2022-032 Final.pdf
atsb_cs200_co50,AO-2022-032 Final.pdf,hard,How did multiple procedural deficiencies and organizational factors combine to allow the pitot probe covers to remain fitted until just before pushback?,"The occurrence resulted from a combination of factors: the licenced aircraft maintenance engineer circumvented procedural controls by certifying removal without verification, maintenance personnel failed to conduct the final walk-around inspection, flight crew pre-flight inspections were truncated and not conducted per procedures, Heston MRO had not implemented acceptable tooling accountability methods, fatigue management was inadequate as dual-role personnel work hours weren't tracked, and the pitot covers themselves had limited conspicuity due to their height and short streamers. Only the vigilance of a refueller on an adjacent bay prevented the aircraft from potentially departing with the covers still fitted.",True,True,True,AO-2022-032 Final.pdf
atsb_cs200_co50,Final report AO-2022-035 .pdf,easy,What was the registration number of the aircraft that declared a fuel mayday while flying from Brisbane to Perth on 18 July 2022 after descending early due to turbulence abeam Wave Rock?,VH-VZO,True,True,True,Final report AO-2022-035 .pdf
atsb_cs200_co50,Final report AO-2022-035 .pdf,easy,How many people were on board the aircraft?,"174 people, including 2 flight crew members",False,True,True,AO-2024-064 Final.pdf
atsb_cs200_co50,Final report AO-2022-035 .pdf,medium,Why did the flight crew decide not to divert to Adelaide despite using more fuel than planned?,"They would be required to hold while using fuel to reduce the aircraft's weight to under the maximum landing weight, and they had sufficient fuel to continue to Perth",True,True,True,Final report AO-2022-035 .pdf
atsb_cs200_co50,Final report AO-2022-035 .pdf,medium,What weather conditions at Kalgoorlie made it less attractive as a diversion option?,"The weather forecast showed an INTER with visibility reduced to 5,000 m in rain with broken cloud at 800 ft",True,True,True,Final report AO-2022-035 .pdf
atsb_cs200_co50,Final report AO-2022-035 .pdf,hard,"What were the primary factors that led to the fuel mayday declaration, and how did the flight crew's decisions and ATC delays contribute to the situation?","The aircraft used an extra 600-700 kg of fuel when it descended from FL 340 to FL 280 and was not flown at the planned speed schedule. Despite having sufficient fuel to continue at the decision point, ATC advised of significant delays greater than the promulgated 10-minute estimate, which meant the aircraft could not land with required fuel reserves. This timing left the crew with no option but to declare a fuel mayday to preserve their required fuel reserve.",True,True,True,Final report AO-2022-035 .pdf
atsb_cs200_co50,AO-2022-064 Final.pdf,easy,What was the aircraft registration number of the Virgin Australia Boeing 737 that became airborne in a closed section of runway during departure from the A3 intersection on 30 November 2022?,VH-YFH,False,True,True,AO-2022-051 Final.pdf
atsb_cs200_co50,AO-2022-064 Final.pdf,easy,On what date did the runway excursion occur at Brisbane Airport?,30-Nov-22,True,True,True,AO-2022-064 Final.pdf
atsb_cs200_co50,AO-2022-064 Final.pdf,medium,Why did the captain dismiss the NOTAM regarding the displaced threshold on runway 01R?,"The captain misinterpreted the dispatcher's note to mean that there were no performance requirements for operations on RWY 19L. Based on this misunderstanding, the captain reviewed the NOTAMs and dismissed the NOTAM as not being relevant for their operation.",True,True,True,AO-2022-064 Final.pdf
atsb_cs200_co50,AO-2022-064 Final.pdf,medium,What safety issue did the ATSB identify with the A3/19L intersection departure point signage?,"Contrary to the requirements of Part 139 Manual of Standards, the A3/19L intersection departure point take-off run available Movement Area Guidance Sign presented a take-off distance that was more than that available, creating the potential to mislead flight crews about the status of the runway when conducting a departure from that point.",False,False,False,AO-2023-023 Final.pdf
atsb_cs200_co50,AO-2022-064 Final.pdf,hard,What combination of factors led to the flight crew using the full runway length instead of the reduced length for departure performance calculations?,"The flight crew's misunderstanding that there were no performance requirements for operations on RWY 19L (established from misinterpreting the dispatcher's note and dismissing the NOTAM), combined with their failure to review NOTAMs en route or during approach briefing, their failure to identify the reduced landing distance in the ATIS, reinforcement from seeing no visible runway works during landing, and time pressures and distractions from prioritising training needs during the turnaround, all led to them using the full runway length instead of the reduced length in their departure performance calculations.",False,False,True,AO-2023-043 Final.pdf
atsb_cs200_co50,AO-2022-051 Final.pdf,easy,What was the date of the Virgin Australia incident involving flight below minimum altitude 40 km south of Cairns Airport?,24-Oct-22,True,True,True,AO-2022-051 Final.pdf
atsb_cs200_co50,AO-2022-051 Final.pdf,easy,What was the minimum sector altitude that both aircraft descended below?,"6,500 ft",False,False,False,AO-2024-035 Final.pdf
atsb_cs200_co50,AO-2022-051 Final.pdf,medium,Why did the flight crews fail to have the proper altitude constraints loaded into their flight management computers?,"The flight crews did not select an approach transition in the FMC, and when they manually resolved the resulting discontinuity by linking the HENDO waypoint to CS540, this removed the descent altitude protections associated with the HENDO waypoint in the approach programming.",False,True,True,AO-2023-041 Final.pdf
atsb_cs200_co50,AO-2022-051 Final.pdf,medium,What were the problems identified with the Jeppesen RNP Y runway 33 approach chart that contributed to the incidents?,"The chart did not include waypoints HENDO, CS522 and CS523 in the vertical profile depiction, and the map presented information associated with those waypoints over dense topographical information, which limited the crews' ability to identify the omitted descent restrictions.",True,True,True,AO-2022-051 Final.pdf
atsb_cs200_co50,AO-2022-051 Final.pdf,hard,"How did the sequence of errors by both flight crews lead to the aircraft descending below minimum safe altitude, and what actions did the airlines take afterward to prevent recurrence?","Both crews failed to select an approach transition in the FMC, then manually linked waypoints to resolve the discontinuity, which removed critical altitude constraints. Their briefings also failed to identify the data entry errors. After the incidents, Virgin Australia issued safety updates and operational notices highlighting the complex nature of the procedure and correct FMC entry, while Qantas issued notices about approach transition selection, incorporated the information into training programs and route manuals, demonstrating a systemic response to address the procedural and chart-related contributing factors.",True,True,True,AO-2022-051 Final.pdf
atsb_cs200_co50,AO-2023-004 Final.pdf,easy,What was the registration number of the BAE 146 that descended below minimum altitude 15 km south of Rockhampton Airport on a freight flight from Brisbane in January 2023?,VH-SFV,True,True,True,AO-2023-004 Final.pdf
atsb_cs200_co50,AO-2023-004 Final.pdf,easy,What time did the aircraft depart Brisbane for Rockhampton on 5 January 2023?,0238 local time,False,False,False,AO-2022-064 Final.pdf
atsb_cs200_co50,AO-2023-004 Final.pdf,medium,"What altitude did the aircraft descend to when crossing BRKSI, and how far below the segment minimum safe altitude was this?","The aircraft crossed BRKSI at 1,705 ft, which was 1,295 ft below the SMSA of 3,000 ft.",True,True,True,AO-2023-004 Final.pdf
atsb_cs200_co50,AO-2023-004 Final.pdf,medium,What contributed to the captain's early descent and the first officer's failure to identify it?,"The captain incorrectly applied their preferred regular descent technique from a lower altitude, and the first officer had an incorrect mental model of the aircraft's position in relation to the required flightpath.",False,True,True,AO-2023-026-Final.pdf
atsb_cs200_co50,AO-2023-004 Final.pdf,hard,"How did fatigue, workload, and roster characteristics combine to contribute to the incident, and what was done to address these factors?","Both crew members were likely experiencing fatigue due to inadequate sleep and the time of approaches, which combined with high workload during the missed approach led to descent and monitoring errors. The irregular and disruptive rosters impaired their ability to obtain adequate sleep. The operator responded by establishing a fatigue safety action group, temporarily reducing operational workload, revising procedures to reduce approach workload, and improving training programs.",True,True,True,AO-2023-004 Final.pdf
atsb_cs200_co50,AO-2023-010 Final.pdf,easy,What was the registration number of the Boeing 737 that experienced a hard landing at Sydney Airport on 10 March 2023 during Virgin Australia flight VA916 from Brisbane?,VH-YQR,True,True,True,AO-2023-010 Final.pdf
atsb_cs200_co50,AO-2023-010 Final.pdf,easy,What was the date and location of the hard landing incident?,"10 March 2023 at Sydney Airport, New South Wales",True,True,True,AO-2023-010 Final.pdf
atsb_cs200_co50,AO-2023-010 Final.pdf,medium,What was the discrepancy between the training provider's flare initiation instruction and the flight crew training manual requirement?,"The training provider was training pilots to initiate the flare at 30 ft, while the flight crew training manual required that the aircraft be flared at approximately 20 ft.",True,True,True,AO-2023-010 Final.pdf
atsb_cs200_co50,AO-2023-010 Final.pdf,medium,"What sequence of events led to the hard landing after the initial touchdown, and what was the G-force experienced?","The first officer flared later than normal and the throttle was not reduced to idle before initial touchdown, causing the aircraft to bounce approximately 3 ft. During the bounce, ground spoilers and speed brakes deployed, resulting in a hard landing of 2.96 G on the second touchdown.",True,True,True,AO-2023-010 Final.pdf
atsb_cs200_co50,AO-2023-010 Final.pdf,hard,"How did the training discrepancy, crew actions, and aircraft systems deployment combine to create the hard landing, and what broader safety actions were taken to address systemic issues?","The training provider's instruction to flare at 30 ft (instead of the required 20 ft) combined with the first officer's late flare and failure to reduce throttle to idle caused an initial bounce. The automatic deployment of ground spoilers and speed brakes during the bounce prevented recovery and resulted in the 2.96 G hard landing. To address systemic issues, the operator conducted reviews of hard landing events, increased oversight of external training providers to ensure alignment with procedures, added Zero Flight Time simulator sessions, conducted independent reviews of the checking and training department, and the training provider (CAE) reviewed all courseware, modified training materials to align with manufacturer guidance, and issued bulletins to ensure proper techniques were taught.",True,True,True,AO-2023-010 Final.pdf
